{
  "engine_tok_s": 126.44,
  "wire_tok_s": 124.10909744506093,
  "wire_all": [
    123.19753550818693,
    123.84267201783567,
    124.10909744506093,
    124.87012894481263,
    125.1342125770189
  ],
  "wire_ratio": 0.9815651490435062
}