{
  "all_greedy_match": true,
  "architecture": "gemma3",
  "decode": "greedy/argmax",
  "fixture_count": 4,
  "gguf_filename": "gemma-3-1b-it-Q8_0.gguf",
  "gguf_sha256": "b205840c5dcef55078e37d344677869a714ffd42a4ae448c48dcfb52e4bb10d5",
  "lane": "runnable",
  "max_logit_abs_diff": 0.0001251697540283203,
  "prompts": [
    {
      "cam_greedy": [
        506,
        505,
        496,
        510,
        858,
        494,
        496,
        537,
        529,
        506,
        505,
        496,
        510,
        858,
        494,
        496
      ],
      "hf_greedy": [
        506,
        505,
        496,
        510,
        858,
        494,
        496,
        537,
        529,
        506,
        505,
        496,
        510,
        858,
        494,
        496
      ],
      "logit_max_abs_diff": 0.0001251697540283203,
      "match": true,
      "prompt_ids": [
        818,
        505,
        670,
        509,
        514,
        529,
        2102,
        508,
        588,
        563
      ],
      "prompt_text": "The capital of France is"
    },
    {
      "cam_greedy": [
        494,
        858,
        520,
        545,
        494,
        858,
        520,
        545,
        494,
        858,
        520,
        545,
        494,
        858,
        520,
        545
      ],
      "hf_greedy": [
        494,
        858,
        520,
        545,
        494,
        858,
        520,
        545,
        494,
        858,
        520,
        545,
        494,
        858,
        520,
        545
      ],
      "logit_max_abs_diff": 0.000102996826171875,
      "match": true,
      "prompt_ids": [
        2791,
        588,
        872,
        498,
        496,
        494,
        764
      ],
      "prompt_text": "Once upon a time"
    },
    {
      "cam_greedy": [
        518,
        108,
        236763,
        108,
        236763,
        108,
        236763,
        108,
        236763,
        108,
        236763,
        108,
        236763,
        108,
        236763,
        108
      ],
      "hf_greedy": [
        518,
        108,
        236763,
        108,
        236763,
        108,
        236763,
        108,
        236763,
        108,
        236763,
        108,
        236763,
        108,
        236763,
        108
      ],
      "logit_max_abs_diff": 0.000080108642578125,
      "match": true,
      "prompt_ids": [
        818,
        690,
        936,
        518,
        530,
        1417,
        517,
        1169
      ],
      "prompt_text": "The quick brown fox"
    },
    {
      "cam_greedy": [
        236743,
        236778,
        578,
        236743,
        236778,
        578,
        236743,
        236778,
        578,
        236743,
        236778,
        578,
        236743,
        236778,
        578,
        236743
      ],
      "hf_greedy": [
        236743,
        236778,
        578,
        236743,
        236778,
        578,
        236743,
        236778,
        578,
        236743,
        236778,
        578,
        236743,
        236778,
        578,
        236743
      ],
      "logit_max_abs_diff": 0.0000743865966796875,
      "match": true,
      "prompt_ids": [
        236778,
        900,
        236743,
        236778,
        578
      ],
      "prompt_text": "2 + 2 ="
    }
  ],
  "quant": "Q8_0",
  "reference": "hf-transformers==5.12.1 (torch==2.12.0+cpu)",
  "result": "pass",
  "tokenizer": "llama_spm"
}